{
  "J0437-4715": {
    "10cm": [
      1.6704975785882812,
      -1.7757796780755886
    ]
  },
  "J0613-0200": {
    "10cm": [
      0.6822228987911343,
      -1.0092065395945773
    ]
  },
  "J0614-3329": {
    "10cm": [
      0.7922497650611964,
      -4.353746629832942
    ]
  },
  "J0711-6830": {
    "10cm": [
      0.7402184857143335,
      -1.22861046583487
    ]
  },
  "J1017-7156": {
    "10cm": [
      0.7870164283325782,
      -1.2665337650514856
    ]
  },
  "J1022+1001": {
    "10cm": [
      0.907043761532331,
      -1.8910695719558168
    ]
  },
  "J1024-0719": {
    "10cm": [
      0.8849084346565739,
      -2.1604234105840816
    ]
  },
  "J1045-4509": {
    "10cm": [
      0.8792962424314356,
      -4.6224663667773385
    ]
  },
  "J1125-6014": {
    "10cm": [
      0.722297168871226,
      -4.978413130755776
    ]
  },
  "J1545-4550": {
    "10cm": [
      0.733887287273858,
      -1.7203586817755983
    ]
  },
  "J1600-3053": {
    "10cm": [
      0.9134212460145676,
      -1.8638300366923075
    ]
  },
  "J1603-7202": {
    "10cm": [
      0.7847503486079548,
      -1.6080257621869742
    ]
  },
  "J1643-1224": {
    "10cm": [
      0.8825138518701705,
      -4.845723551484191
    ]
  },
  "J1713+0747": {
    "10cm": [
      0.6503215022874096,
      -1.596800054641783
    ]
  },
  "J1730-2304": {
    "10cm": [
      0.7818652516314666,
      -1.7015979176423992
    ]
  },
  "J1744-1134": {
    "10cm": [
      0.8591790563754547,
      -1.8202545853452867
    ]
  },
  "J1824-2452": {
    "10cm": [
      0.8399611602118374,
      -2.073724774677598
    ]
  },
  "J1857+0943": {
    "10cm": [
      0.7620246489387794,
      -1.5695163638387006
    ]
  },
  "J1909-3744": {
    "10cm": [
      0.7991793683726897,
      -1.4927725136362524
    ]
  },
  "J1939+2134": {
    "10cm": [
      0.7255431221763673,
      -1.5965048374130533
    ]
  },
  "J2145-0750": {
    "10cm": [
      0.7789490966892767,
      -1.5254389889738285
    ]
  },
  "J2241-5236": {
    "10cm": [
      0.8408436556041131,
      -3.935401651063284
    ]
  }
}