{
  "J0437-4715": {
    "10cm": [
      1.662466827367222,
      -1.786782241456753,
      -0.0008969723703121321
    ]
  },
  "J0613-0200": {
    "10cm": [
      0.6812685020210718,
      -1.0095365029810188,
      -0.0020024091373227002
    ]
  },
  "J0614-3329": {
    "10cm": [
      0.7895166821285505,
      -4.293916036847187,
      -0.009513615157535451
    ]
  },
  "J0711-6830": {
    "10cm": [
      0.7374369273720132,
      -1.2265928553710652,
      0.00185520291061406
    ]
  },
  "J1017-7156": {
    "10cm": [
      0.7805848246738698,
      -1.266697976592326,
      0.002665413117245355
    ]
  },
  "J1022+1001": {
    "10cm": [
      0.9140940984977912,
      -1.9066500629594658,
      0.0003069730369157
    ]
  },
  "J1024-0719": {
    "10cm": [
      0.8837909684589345,
      -2.309367380343149,
      -0.0008378909824191062
    ]
  },
  "J1045-4509": {
    "10cm": [
      0.8730233306747656,
      -4.815965462496881,
      0.001530630613018653
    ]
  },
  "J1125-6014": {
    "10cm": [
      0.716864421872673,
      -4.951341974281407,
      0.001931769300268608
    ]
  },
  "J1545-4550": {
    "10cm": [
      0.7017794586520003,
      -1.7717412757588524,
      0.0037660861635965773
    ]
  },
  "J1600-3053": {
    "10cm": [
      0.9082984116294713,
      -1.8804726463936083,
      -0.001067853256292234
    ]
  },
  "J1603-7202": {
    "10cm": [
      0.7860381957950539,
      -1.609702228584037,
      -0.00022140301705346382
    ]
  },
  "J1643-1224": {
    "10cm": [
      0.8825201694612774,
      -4.909202352769787,
      0.0004807723732601002
    ]
  },
  "J1713+0747": {
    "10cm": [
      0.763524056839469,
      -1.632332889038405,
      -0.0016079758097999235
    ]
  },
  "J1730-2304": {
    "10cm": [
      0.7805445370790425,
      -1.6993668287199857,
      -5.600638425951562e-05
    ]
  },
  "J1744-1134": {
    "10cm": [
      0.8586812567508353,
      -1.8202152429421163,
      -0.0002373732449458578
    ]
  },
  "J1824-2452": {
    "10cm": [
      0.8454366034686005,
      -2.0891163596999816,
      7.375991300417665e-05
    ]
  },
  "J1857+0943": {
    "10cm": [
      0.7620953408635573,
      -1.5589072048159687,
      -0.0006087010306651023
    ]
  },
  "J1909-3744": {
    "10cm": [
      0.8456652151108905,
      -1.5340270166255203,
      0.002413001081097296
    ]
  },
  "J1939+2134": {
    "10cm": [
      0.7713827382134768,
      -1.6520990011271748,
      0.0013963198002955473
    ]
  },
  "J2145-0750": {
    "10cm": [
      0.7808614404470191,
      -1.5364176277053883,
      0.001144334889915131
    ]
  },
  "J2241-5236": {
    "10cm": [
      0.8392680266703405,
      -4.324195865058371,
      -0.002751181280950414
    ]
  }
}