{
  "J0437-4715": {
    "10cm": [
      1.6555884899088311,
      -1.7825555441838041
    ]
  },
  "J0613-0200": {
    "10cm": [
      0.6852020284122868,
      -1.0110176475102368
    ]
  },
  "J0614-3329": {
    "10cm": [
      0.791469024066328,
      -4.169650300883752
    ]
  },
  "J0711-6830": {
    "10cm": [
      0.7363706112209184,
      -1.2235186376727203
    ]
  },
  "J1017-7156": {
    "10cm": [
      0.7775558808655851,
      -1.262795279310986
    ]
  },
  "J1022+1001": {
    "10cm": [
      0.9062029765126396,
      -1.9210776487038181
    ]
  },
  "J1024-0719": {
    "10cm": [
      0.8724712367013123,
      -2.0678651042659997
    ]
  },
  "J1045-4509": {
    "10cm": [
      0.8557960883111575,
      -5.046948522265124
    ]
  },
  "J1125-6014": {
    "10cm": [
      0.7171308893896233,
      -5.064594928711167
    ]
  },
  "J1545-4550": {
    "10cm": [
      0.7040331932117174,
      -1.7737567143054664
    ]
  },
  "J1600-3053": {
    "10cm": [
      0.9074442368352511,
      -1.8772319244476385
    ]
  },
  "J1603-7202": {
    "10cm": [
      0.7848680208035959,
      -1.6045706807789477
    ]
  },
  "J1643-1224": {
    "10cm": [
      0.8825836753692753,
      -4.805886299791329
    ]
  },
  "J1713+0747": {
    "10cm": [
      0.7989881392159005,
      -1.6385899873282193
    ]
  },
  "J1730-2304": {
    "10cm": [
      0.7879733327097566,
      -1.7396487878086202
    ]
  },
  "J1744-1134": {
    "10cm": [
      0.8278133889367664,
      -1.8189195132643732
    ]
  },
  "J1824-2452": {
    "10cm": [
      0.838283792765513,
      -2.1024688432562972
    ]
  },
  "J1857+0943": {
    "10cm": [
      0.7637754198947979,
      -1.587195669781979
    ]
  },
  "J1909-3744": {
    "10cm": [
      0.8697153510267488,
      -1.6268207181160554
    ]
  },
  "J1939+2134": {
    "10cm": [
      0.7112159859338574,
      -1.6021130674513424
    ]
  },
  "J2145-0750": {
    "10cm": [
      0.7792073979820303,
      -1.545813773812784
    ]
  },
  "J2241-5236": {
    "10cm": [
      0.839366633515491,
      -3.997086346708178
    ]
  }
}