{
  "J0437-4715": {
    "ionfr_10cm": [
      0.6729322483105621,
      -1.7863069505150175,
      -3.785654475387112,
      -4.296067430753819,
      19.13016372531183
    ],
    "ionfr_20cm": [
      -1.1183882989595226,
      -1.6187698550720808,
      -2.114445501642794,
      -1.2188833955039748,
      210.3483072146205
    ],
    "noiono_10cm": [
      0.7279786786673434,
      -1.7995120538793916,
      -2.767236442171081,
      -1.9513806844064168,
      16.059390260573764
    ],
    "noiono_20cm": [
      1.3915183108850955,
      -5.1813728123936365,
      -1.6826550187219018,
      -0.635809447833156,
      633.0025639587893
    ]
  },
  "J0613-0200": {
    "ionfr_10cm": [
      -0.1950633338840535,
      -1.020707718827784,
      -5.08051712083825,
      -2.138295021380506,
      0.018309722100639192
    ],
    "ionfr_20cm": [
      -0.019609452278326805,
      -1.5864039708365394,
      -1.9656434929050826,
      -1.0847297458209681,
      64.64610682285183
    ],
    "noiono_10cm": [
      -0.20144784571146937,
      -1.0141238083546613,
      -5.1751166174130825,
      -1.8150984678410755,
      0.006671202040450908
    ],
    "noiono_20cm": [
      -0.019176079525970266,
      -1.472760693398674,
      -1.6940826740430985,
      -1.022837606445705,
      160.7046700901136
    ]
  },
  "J0614-3329": {
    "ionfr_10cm": [
      -0.13147319569638055,
      -2.8495478955246414,
      -5.2168439892093135,
      -2.667098980037026,
      -0.2128147656134658
    ],
    "noiono_10cm": [
      -0.13031930176941564,
      -2.5444570971354983,
      -5.156056895561698,
      -2.6034935945085085,
      -0.17194247321397427
    ]
  },
  "J0711-6830": {
    "ionfr_10cm": [
      -0.13351959365436106,
      -1.2356794116626273,
      -5.554712603481384,
      -2.0252010884781937,
      -0.630568538821251
    ],
    "ionfr_20cm": [
      -0.17818903929134783,
      -1.5064843662113547,
      -1.9920463975707048,
      -1.0404436617404769,
      51.83408276892101
    ],
    "noiono_10cm": [
      -0.13811308156994642,
      -1.2328011682299498,
      -5.500483204582775,
      -2.2206969195498507,
      -1.7189738971412964
    ],
    "noiono_20cm": [
      -0.16872119867679217,
      -1.5209331274535798,
      -1.8988005452492143,
      -1.1551447936385455,
      82.55008097140171
    ]
  },
  "J1017-7156": {
    "ionfr_10cm": [
      -0.11331714083231915,
      -1.2644258685057113,
      -5.197666619521265,
      -1.7096501632742167,
      -0.2788834492725414
    ],
    "ionfr_20cm": [
      -0.008102168404066981,
      -1.4934195185015606,
      -1.9279959604769952,
      -1.4232713219003745,
      167.30516738967117
    ],
    "noiono_10cm": [
      -0.11799337524104614,
      -1.2697533012570847,
      -4.806210808663121,
      -1.9219626081678678,
      -0.4800331403683913
    ],
    "noiono_20cm": [
      -0.03093754910832282,
      -1.5098198640052407,
      -1.9418810925335799,
      -1.046236136338244,
      130.1910530285295
    ]
  },
  "J1022+1001": {
    "ionfr_10cm": [
      0.0027025809630788194,
      -2.071818121428383,
      -3.089611012964992,
      -2.2952816926545996,
      2.9717339723157465
    ],
    "ionfr_20cm": [
      -0.10762141840782252,
      -1.565211982448678,
      -1.8427764863371063,
      -0.9150230669715707,
      189.6608892713241
    ],
    "noiono_10cm": [
      0.005571560537881874,
      -2.0698577248629757,
      -2.4442171516949287,
      -1.453981456553834,
      14.950808293357113
    ],
    "noiono_20cm": [
      -0.09644007447386879,
      -1.482918358389081,
      -1.7093159387964718,
      -1.0592830302436953,
      279.34593446117515
    ]
  },
  "J1024-0719": {
    "ionfr_10cm": [
      -0.023777411130662528,
      -2.1348266713531747,
      -5.842365445160592,
      -1.966269895847458,
      -0.2877734309195148
    ],
    "ionfr_20cm": [
      0.0592116673792467,
      -1.7819577990009465,
      -2.0411339637620807,
      -1.255984652692726,
      50.7053025677119
    ],
    "noiono_10cm": [
      -0.026318993497817772,
      -1.9891754375144273,
      -5.303556493128862,
      -2.604052391046255,
      0.09772445771443472
    ],
    "noiono_20cm": [
      0.018305609876762954,
      -1.5967669419874295,
      -1.8050836079001447,
      -1.1861966503845305,
      120.88960256733799
    ]
  },
  "J1045-4509": {
    "ionfr_10cm": [
      -0.03847667695181469,
      -4.950950931523558,
      -5.718800330618349,
      -1.9495377213634253,
      -0.30773812666507183
    ],
    "ionfr_20cm": [
      0.5978007890770034,
      -5.204323318734465,
      -3.304224050620017,
      -5.319047377605171,
      3.5342417605864966
    ],
    "noiono_10cm": [
      -0.0427663640032188,
      -4.978378413565498,
      -5.626825525517214,
      -1.994857797669902,
      -0.1594242405786872
    ],
    "noiono_20cm": [
      0.6246258152954196,
      -4.907573744811325,
      -2.817270373503933,
      -4.303210294712425,
      9.264739692374633
    ]
  },
  "J1125-6014": {
    "ionfr_10cm": [
      -0.16418713691726872,
      -4.9904600857417005,
      -5.713427494885033,
      -2.216239102899552,
      -0.17397043459436645
    ],
    "ionfr_20cm": [
      0.04885670709874704,
      -1.7803428503308099,
      -2.181993060956785,
      -1.7312446640981474,
      30.90687833263337
    ],
    "noiono_10cm": [
      -0.1636601271905137,
      -4.940364025736514,
      -5.73808122520678,
      -2.1595784251728958,
      -0.28142757430441634
    ],
    "noiono_20cm": [
      0.006966231734547513,
      -1.8448929146480222,
      -2.075162279821294,
      -1.4439488069519757,
      69.33108998947307
    ]
  },
  "J1446-4701": {
    "ionfr_20cm": [
      -0.02153623837319311,
      -5.002922259522259,
      -1.8783683235873048,
      -0.8097464343375215,
      16.584498687844757
    ],
    "noiono_20cm": [
      -0.019317404132675145,
      -5.022817743774857,
      -1.7005340635291102,
      -0.6603482458768836,
      40.275116550631594
    ]
  },
  "J1545-4550": {
    "ionfr_10cm": [
      -0.18198070389357748,
      -1.7852375188372762,
      -5.118038829116934,
      -1.1302035837321802,
      -0.6327815090114655
    ],
    "ionfr_20cm": [
      0.026691462382204503,
      -1.9165803965886996,
      -2.1466915389116394,
      -1.1796743067405782,
      47.843081602957795
    ],
    "noiono_10cm": [
      -0.2181912044755578,
      -1.805384492263045,
      -2.4360290641359184,
      0.16034713910928503,
      0.30620101838013625
    ],
    "noiono_20cm": [
      0.07492768248652178,
      -1.8088747798264622,
      -1.7355501445700687,
      -1.2179729150578416,
      139.76990079021812
    ]
  },
  "J1600-3053": {
    "ionfr_10cm": [
      -0.03209039405289214,
      -1.8360249340352675,
      -5.763137372715414,
      -1.9739405775505938,
      -0.6139529691903363
    ],
    "ionfr_20cm": [
      0.08852193987723964,
      -1.8893406901255057,
      -2.2353816372947657,
      -0.96311517930211,
      33.55499786870564
    ],
    "noiono_10cm": [
      -0.017437512127990218,
      -1.8626585112565524,
      -4.408867289080872,
      -3.0423789960698198,
      0.6233740007688766
    ],
    "noiono_20cm": [
      -0.021404187062178868,
      -1.618911300796491,
      -1.7208769652346985,
      -0.5615708419633669,
      165.43774182683046
    ]
  },
  "J1603-7202": {
    "ionfr_10cm": [
      -0.10988349585261288,
      -1.5995380428164574,
      -5.697525367856685,
      -1.7176681048001061,
      -0.5620021098245616
    ],
    "ionfr_20cm": [
      0.6293139942745282,
      -1.0699855610801374,
      -1.6039028321333,
      -2.0421619078958773,
      53.65341490285249
    ],
    "noiono_10cm": [
      -0.11358945036097214,
      -1.6073862466160378,
      -5.670045066753124,
      -1.6058299606487754,
      -0.4835910352301198
    ],
    "noiono_20cm": [
      0.6339490016592045,
      -1.0588169711709665,
      -1.9684596365965517,
      -3.0002469436355566,
      44.358200633227455
    ]
  },