{
  "J0437-4715": {
    "ionfr_10cm": [
      0.6716307340807146,
      -1.785839996765507,
      -3.7893641167501055,
      -4.317325264572789,
      31.58252150721819
    ],
    "ionfr_20cm": [
      -1.093044590236744,
      -1.6188624643807412,
      -2.1128231072001826,
      -1.203232945781425,
      233.80743999173865
    ],
    "noiono_10cm": [
      0.7248009430300174,
      -1.7982731362246214,
      -2.7595988018030084,
      -1.9158671527443922,
      26.43097324597329
    ],
    "noiono_20cm": [
      1.3915664077177505,
      -5.220559722468645,
      -1.6807608198973392,
      -0.6227237299945281,
      705.1936220182106
    ]
  },
  "J0613-0200": {
    "ionfr_10cm": [
      -0.19647680160394293,
      -1.0209412355057428,
      -5.00628030909952,
      -1.858411012147965,
      0.06775824041855572
    ],
    "ionfr_20cm": [
      -0.01898089845515117,
      -1.5865693465212514,
      -1.9669180799461952,
      -1.0804355667214955,
      75.26952361631743
    ],
    "noiono_10cm": [
      -0.19991902712999648,
      -1.0152957262004871,
      -5.178562256504874,
      -1.8936006524621125,
      2.0356770841587206
    ],
    "noiono_20cm": [
      -0.019088247098871025,
      -1.473096667459249,
      -1.6994171430524538,
      -1.0374178411518216,
      179.2657869793993
    ]
  },
  "J0614-3329": {
    "ionfr_10cm": [
      -0.1316440863539851,
      -2.9232855681381094,
      -5.226498169225113,
      -2.674891486654137,
      -0.4112609691627682
    ],
    "noiono_10cm": [
      -0.12956164450562466,
      -2.6673828922998366,
      -5.125723608594324,
      -2.754873304291681,
      -0.3684766432181874
    ]
  },
  "J0711-6830": {
    "ionfr_10cm": [
      -0.13467291052020122,
      -1.2331998677135045,
      -5.554533903309061,
      -1.9743420519627324,
      -0.15852532293422428
    ],
    "ionfr_20cm": [
      -0.17806086529100054,
      -1.5064617304822168,
      -1.9886450240479299,
      -1.018899032370812,
      59.46719560169777
    ],
    "noiono_10cm": [
      -0.13809079630298549,
      -1.2312472913865415,
      -5.491173010176787,
      -2.397049247827858,
      -0.7299039310692592
    ],
    "noiono_20cm": [
      -0.16873481654169453,
      -1.5205831951769082,
      -1.899359881790532,
      -1.168172645279296,
      93.17623119309587
    ]
  },
  "J1017-7156": {
    "ionfr_10cm": [
      -0.11267953630129116,
      -1.2638405308332077,
      -5.094302490427175,
      -1.5259817002934604,
      0.062639911622
    ],
    "ionfr_20cm": [
      -0.009897340618380539,
      -1.4931703499947595,
      -1.92804077845432,
      -1.4199622010082154,
      187.46840339146001
    ],
    "noiono_10cm": [
      -0.11717673435549922,
      -1.26874411954868,
      -4.946001814399157,
      -1.8911866474521135,
      0.5836505795791709
    ],
    "noiono_20cm": [
      -0.03154277885325904,
      -1.510317199317114,
      -1.9415650875099408,
      -1.0579914900708296,
      145.57065255463021
    ]
  },
  "J1022+1001": {
    "ionfr_10cm": [
      0.0019214330910882192,
      -2.0667369230626726,
      -3.2834661117540316,
      -2.4462860825697805,
      4.373513417990694
    ],
    "ionfr_20cm": [
      -0.10806477938425015,
      -1.5650611624780555,
      -1.8430830328656724,
      -0.9198831534750364,
      212.585493905568
    ],
    "noiono_10cm": [
      0.003716744540806053,
      -2.0675774888500387,
      -2.445860798484323,
      -1.463048393770292,
      17.03330149847386
    ],
    "noiono_20cm": [
      -0.095880850903097,
      -1.4828145492397473,
      -1.7077707833161555,
      -1.0506134770477602,
      314.22162330691935
    ]
  },
  "J1024-0719": {
    "ionfr_10cm": [
      -0.028181193691063467,
      -2.049419748892489,
      -5.775680665321165,
      -2.1623449227611014,
      0.30407401798754563
    ],
    "ionfr_20cm": [
      0.057682517646241056,
      -1.7815263502454743,
      -2.0393607571249035,
      -1.2475707534205647,
      59.878595012083
    ],
    "noiono_10cm": [
      -0.02870691386283418,
      -1.9621583542944627,
      -5.338095465106097,
      -2.4068414802754385,
      0.06858897086698335
    ],
    "noiono_20cm": [
      0.019449079970500643,
      -1.5969401631497475,
      -1.8072167216291004,
      -1.1989323689668283,
      136.37306509932387
    ]
  },
  "J1045-4509": {
    "ionfr_10cm": [
      -0.038792234487477456,
      -4.839013723181573,
      -5.754804153747829,
      -1.9728579223599905,
      0.0718802127025242
    ],
    "ionfr_20cm": [
      0.5979028118464734,
      -5.163396850107854,
      -3.2733286401986956,
      -5.271486849347816,
      5.301238720830952
    ],
    "noiono_10cm": [
      -0.04332750403646271,
      -4.976251000847366,
      -5.681994725845041,
      -1.902549996929582,
      -0.10908066311446873
    ],
    "noiono_20cm": [
      0.6242353998802135,
      -5.086002381118231,
      -2.7845658824378337,
      -4.256373063734108,
      12.576228824702412
    ]
  },
  "J1125-6014": {
    "ionfr_10cm": [
      -0.16531233253869207,
      -4.966456611348485,
      -5.744865133644827,
      -2.373346295227738,
      -0.5480884484529156
    ],
    "ionfr_20cm": [
      0.04766569696504637,
      -1.77873894939064,
      -2.1611875089353267,
      -1.6784519163484906,
      34.23257923353117
    ],
    "noiono_10cm": [
      -0.16414161524552834,
      -4.905454380100064,
      -5.752648808618329,
      -2.3674613676561647,
      0.27594040572660106
    ],
    "noiono_20cm": [
      0.00716370686616853,
      -1.8504158300196911,
      -2.073201547078091,
      -1.4201581766727247,
      79.98859512937338
    ]
  },
  "J1446-4701": {
    "ionfr_20cm": [
      -0.021226002611785443,
      -5.033200844825853,
      -1.879399053705186,
      -0.8031404377721185,
      20.489524787254368
    ],
    "noiono_20cm": [
      -0.019190418298843825,
      -5.170775724662055,
      -1.6984190346985404,
      -0.6438031645218625,
      44.42502650327344
    ]
  },
  "J1545-4550": {
    "ionfr_10cm": [
      -0.18361690496231925,
      -1.7828932794717933,
      -5.309472481540512,
      -1.4484111872513135,
      0.3820994114859104
    ],
    "ionfr_20cm": [
      0.02393600907381872,
      -1.9118948489514898,
      -2.147049140067767,
      -1.1767001640903545,
      54.51105320064312
    ],
    "noiono_10cm": [
      -0.21494213804844736,
      -1.8076689658147438,
      -2.436499686702367,
      0.19138233290311352,
      1.6802359668191684
    ],
    "noiono_20cm": [
      0.07579426362114983,
      -1.810313725672033,
      -1.7362801947531277,
      -1.2098239439911351,
      158.71578504552303
    ]
  },
  "J1600-3053": {
    "ionfr_10cm": [
      -0.031021982175939322,
      -1.8395100735050083,
      -5.831139860632197,
      -2.0062300870658314,
      0.11890637643341506
    ],
    "ionfr_20cm": [
      0.08876043923664598,
      -1.8881252713425547,
      -2.2353803867853586,
      -0.9542814893608265,
      40.60636805588388
    ],
    "noiono_10cm": [
      -0.015478805286687103,
      -1.8638222273115534,
      -4.353048208713066,
      -2.9238655470244104,
      1.560873324999534
    ],
    "noiono_20cm": [
      -0.02134284109235079,
      -1.6202893392024833,
      -1.7231353664422364,
      -0.5727364527095904,
      185.8759486536992
    ]
  },
  "J1603-7202": {
    "ionfr_10cm": [
      -0.1083652467037315,
      -1.5985092395852334,
      -5.656463470323814,
      -1.8109624000808517,
      -0.09004634923650201
    ],
    "ionfr_20cm": [
      0.6285606800801566,
      -1.069539265130337,
      -1.5919305429636563,
      -2.0135406295752762,
      61.07096618186188
    ],
    "noiono_10cm": [
      -0.11479154812457529,
      -1.6055959361374548,
      -5.666686744455207,
      -1.6020261240726255,
      -0.6732411650713743
    ],
    "noiono_20cm": [
      0.6322248957280653,
      -1.0574727513255255,
      -1.9619711220805103,
      -2.988870213129398,
      49.69104130574124
    ]
  },