{
  "J0437-4715": {
    "10cm": [
      0.6846692650494812,
      -1.770725472058646
    ],
    "20cm": [
      -0.49565604489890747,
      -1.55182945282241
    ]
  },
  "J0613-0200": {
    "10cm": [
      -0.19433804463054122,
      -1.0167628334750933
    ],
    "20cm": [
      0.005121640730907695,
      -1.4940353012254566
    ]
  },
  "J0614-3329": {
    "10cm": [
      -0.13177526170983828,
      -2.6109657401672424
    ]
  },
  "J0711-6830": {
    "10cm": [
      -0.13353334971716288,
      -1.2344516234957155
    ],
    "20cm": [
      -0.19502491186344756,
      -1.4216097195205686
    ]
  },
  "J1017-7156": {
    "10cm": [
      -0.11495206551597352,
      -1.2601642263380106
    ],
    "20cm": [
      -0.0422927341266566,
      -1.3660484508849475
    ]
  },
  "J1022+1001": {
    "10cm": [
      -0.002423229242981974,
      -2.0021334127457298
    ],
    "20cm": [
      -0.15345692832735214,
      -1.4174261396019416
    ]
  },
  "J1024-0719": {
    "10cm": [
      -0.02374397008810271,
      -2.1294641722653003
    ],
    "20cm": [
      0.09376370765265249,
      -1.659274216687015
    ]
  },
  "J1045-4509": {
    "10cm": [
      -0.038367487407513945,
      -4.947160555491446
    ],
    "20cm": [
      0.6117744901035007,
      -5.053852794597905
    ]
  },
  "J1125-6014": {
    "10cm": [
      -0.16405720087337575,
      -4.9992212704324315
    ],
    "20cm": [
      0.014922212531349292,
      -1.5760135252329355
    ]
  },
  "J1446-4701": {
    "20cm": [
      0.029889227493679078,
      -4.165141654026301
    ]
  },
  "J1545-4550": {
    "10cm": [
      -0.17664489258042648,
      -1.782323719589216
    ],
    "20cm": [
      -0.010670907182501332,
      -1.7123416713786497
    ]
  },
  "J1600-3053": {
    "10cm": [
      -0.031584519146472693,
      -1.8384638879464665
    ],
    "20cm": [
      0.10457843652844942,
      -1.8101895347403434
    ]
  },
  "J1603-7202": {
    "10cm": [
      -0.10872821479075107,
      -1.5995403335854697
    ],
    "20cm": [
      0.6951181711838444,
      -1.026443545942522
    ]
  },
  "J1643-1224": {
    "10cm": [
      -0.03438938866709289,
      -4.98511191554436
    ],
    "20cm": [
      1.058163230082511,
      -4.061949089549177
    ]
  },
  "J1713+0747": {
    "10cm": [
      -0.11186405062398741,
      -1.6856997598900003
    ],
    "20cm": [
      1.1111554377836386,
      -0.6697641485835023
    ]
  },
  "J1730-2304": {
    "10cm": [
      -0.11827116319222689,
      -1.7525957091503765
    ],
    "20cm": [
      0.6813613126032096,
      -1.7276397982440908
    ]
  },
  "J1732-5049": {
    "20cm": [
      -0.018589298713868982,
      -1.332737182603442
    ]
  },
  "J1744-1134": {
    "10cm": [
      -0.08108677239091755,
      -1.8720278043660192
    ],
    "20cm": [
      0.12646627969023755,
      -1.588503314400024
    ]
  },
  "J1824-2452": {
    "10cm": [
      -0.044617539021569286,
      -3.648345823104149
    ],
    "20cm": [
      0.8984402172248072,
      -1.3220210964310977
    ]
  },
  "J1832-0836": {
    "20cm": [
      -0.17099114776569646,
      -1.3888672077868502
    ]
  },
  "J1857+0943": {
    "10cm": [
      -0.12077455888563843,
      -1.568297882333176
    ],
    "20cm": [
      -0.07659944068063954,
      -1.3071655870833485
    ]
  },
  "J1909-3744": {
    "10cm": [
      -0.016939840393418146,
      -1.6571206618097722
    ],
    "20cm": [
      -0.0068000229250389736,
      -1.4824681885228652
    ]
  },
  "J1939+2134": {
    "10cm": [
      -0.20265021200725053,
      -1.6654242927587126
    ],
    "20cm": [
      -0.6205032372193153,
      -1.2325511030119871
    ]
  },
  "J2124-3358": {
    "20cm": [
      0.8555958806323172,
      -5.042108665375166
    ]
  },
  "J2129-5721": {
    "20cm": [
      -0.02225973480515643,
      -1.4313376816542538
    ]
  },
  "J2145-0750": {
    "10cm": [
      -0.13488239683541586,
      -1.544160453183443
    ],
    "20cm": [
      -0.09837303612455757,
      -1.4448630903603958
    ]
  },
  "J2241-5236": {
    "10cm": [
      -0.058849677982294825,
      -2.9487658955530134
    ],
    "20cm": [
      -0.08583547880003614,
      -1.5313129818971385
    ]
  }
}