{
  "J0437-4715": {
    "ionfr_10cm": [
      0.6742778822499003,
      -1.7865008431518925,
      -3.7540041106898,
      -4.256447550944186,
      27.504014114871097
    ],
    "ionfr_20cm": [
      -1.0973396015746437,
      -1.6185391880402589,
      -2.1131892657727143,
      -1.2294585072008495,
      210.6300234729033
    ],
    "noiono_10cm": [
      0.7287246855201381,
      -1.80025582246712,
      -2.760283983122928,
      -1.9133793614589072,
      21.96753621772359
    ],
    "noiono_20cm": [
      1.3912779322836681,
      -5.179746877489082,
      -1.682700579871173,
      -0.6337939038712581,
      632.3109467431345
    ]
  },
  "J0613-0200": {
    "ionfr_10cm": [
      -0.19726449419414158,
      -1.0183818019404565,
      -5.079253965375793,
      -1.9349400356166917,
      0.019077113993574812
    ],
    "ionfr_20cm": [
      -0.019756235997666162,
      -1.5858579418253962,
      -1.966512991223295,
      -1.0859924289010663,
      65.1241638621068
    ],
    "noiono_10cm": [
      -0.20069884140183072,
      -1.0133896008542775,
      -5.116905042933812,
      -1.8453232331856895,
      0.1432018722025532
    ],
    "noiono_20cm": [
      -0.017449013214108165,
      -1.4727907035305723,
      -1.694785865847274,
      -1.02487629058099,
      160.85460439599888
    ]
  },
  "J0614-3329": {
    "ionfr_10cm": [
      -0.13238571283114506,
      -2.5204149002087153,
      -5.37609125190104,
      -2.5473304528180107,
      -0.08721575137050763
    ],
    "noiono_10cm": [
      -0.12732701801891688,
      -5.5879968868113075,
      -3.707773685107727,
      -0.19821489090784197,
      2240.696851828047
    ]
  },
  "J0711-6830": {
    "ionfr_10cm": [
      -0.13402049351585432,
      -1.234295266868728,
      -5.611084820101398,
      -2.006253619366589,
      -0.7089211259739727
    ],
    "ionfr_20cm": [
      -0.17767379317668547,
      -1.5061344553860083,
      -1.993421178301956,
      -1.025033076941369,
      52.13792639492635
    ],
    "noiono_10cm": [
      -0.13892433533189222,
      -1.230173377334911,
      -5.530100186915007,
      -2.1913777961496446,
      -0.342940204290187
    ],
    "noiono_20cm": [
      -0.16846023441086722,
      -1.521288751904227,
      -1.8987290326806279,
      -1.1506609203785185,
      83.12153109025257
    ]
  },
  "J1017-7156": {
    "ionfr_10cm": [
      -0.11501691004673953,
      -1.2632481180282096,
      -5.197181156450743,
      -1.8287732011013975,
      -0.035129677098098
    ],
    "ionfr_20cm": [
      -0.011386671316779527,
      -1.492948677446043,
      -1.928319792265671,
      -1.4083695625899972,
      167.74879424493201
    ],
    "noiono_10cm": [
      -0.1181217770446581,
      -1.2681251950019718,
      -4.890070793054651,
      -2.045834303035834,
      0.1230805509104016
    ],
    "noiono_20cm": [
      -0.031658724032484334,
      -1.5091344452252033,
      -1.9413845941504617,
      -1.050828740344321,
      130.48441740126827
    ]
  },
  "J1022+1001": {
    "ionfr_10cm": [
      0.0025662921632262845,
      -2.0687402298174424,
      -3.1974335930080366,
      -2.4442350736086365,
      2.998807033831554
    ],
    "ionfr_20cm": [
      -0.11058329062683944,
      -1.5652725023188738,
      -1.8441888203478618,
      -0.9199673449087256,
      190.00234185840418
    ],
    "noiono_10cm": [
      0.004036386146803801,
      -2.0661960760425977,
      -2.4324573456515615,
      -1.4272556004757475,
      15.352361877130761
    ],
    "noiono_20cm": [
      -0.09324144590670641,
      -1.4831845691777035,
      -1.7091208674775438,
      -1.0528128459894348,
      279.6140786939577
    ]
  },
  "J1024-0719": {
    "ionfr_10cm": [
      -0.027989859326145707,
      -2.064273206136439,
      -5.671336295446495,
      -1.949421181744518,
      -0.08349723700098366
    ],
    "ionfr_20cm": [
      0.05802772830811723,
      -1.7822609579943713,
      -2.0386146693013876,
      -1.2520334064196659,
      50.935992415742476
    ],
    "noiono_10cm": [
      -0.025303317185641577,
      -1.9906567658063397,
      -5.367619790097027,
      -2.568916677468522,
      0.044554599143623363
    ],
    "noiono_20cm": [
      0.0201951696391205,
      -1.5971183066705705,
      -1.804522188351196,
      -1.1910303019213906,
      121.21535702843778
    ]
  },
  "J1045-4509": {
    "ionfr_10cm": [
      -0.03792887868918211,
      -4.969977203899415,
      -5.7437845834618795,
      -2.025329049141445,
      -0.19018299018830476
    ],
    "ionfr_20cm": [
      0.5981479602727758,
      -5.081839427258422,
      -3.2879955983270976,
      -5.323534531614598,
      3.7601631610461936
    ],
    "noiono_10cm": [
      -0.042681565216132554,
      -5.018507273876803,
      -5.656945496767852,
      -1.9210202430352568,
      -0.11650881485189757
    ],
    "noiono_20cm": [
      0.6244311174595125,
      -5.018867329932388,
      -2.820393731448202,
      -4.327021450073316,
      9.979229617712122
    ]
  },
  "J1125-6014": {
    "ionfr_10cm": [
      -0.16318813967072443,
      -4.954056167189792,
      -5.671119080283182,
      -2.1094309880246733,
      -0.1696753792982122
    ],
    "ionfr_20cm": [
      0.047714990606007375,
      -1.7772527130755342,
      -2.1813024988137135,
      -1.7333949088981608,
      31.58368670020593
    ],
    "noiono_10cm": [
      -0.16490809059439554,
      -5.001529029386748,
      -5.713016267486361,
      -2.1329647466290256,
      -0.16337801380467454
    ],
    "noiono_20cm": [
      0.008135781990080814,
      -1.848042623608554,
      -2.0746162256912384,
      -1.439489300959665,
      69.60944637316743
    ]
  },
  "J1446-4701": {
    "ionfr_20cm": [
      -0.020727574842161096,
      -4.99743581599701,
      -1.8797304990884793,
      -0.7712197721292922,
      17.158904663805174
    ],
    "noiono_20cm": [
      -0.019379803071763645,
      -5.078728416693314,
      -1.699457676983251,
      -0.6645709806631885,
      40.32258887609635
    ]
  },
  "J1545-4550": {
    "ionfr_10cm": [
      -0.1814634828237697,
      -1.7853100968833582,
      -5.0886584791009,
      -1.0633802280065088,
      -0.20817284213808307
    ],
    "ionfr_20cm": [
      0.02675116513768612,
      -1.9190401205266696,
      -2.1420677993796056,
      -1.1712021256392928,
      48.61714252845411
    ],
    "noiono_10cm": [
      -0.2191916510367668,
      -1.803946493177,
      -2.4428885268456098,
      0.19537592720156477,
      0.9344637349258846
    ],
    "noiono_20cm": [
      0.07599042615575852,
      -1.8105968983216756,
      -1.7348325636835824,
      -1.2096409024678685,
      140.69496141191985
    ]
  },
  "J1600-3053": {
    "ionfr_10cm": [
      -0.032739022036857385,
      -1.8385248120903035,
      -5.80744104616118,
      -2.0133854398625837,
      -0.06431421111983582
    ],
    "ionfr_20cm": [
      0.08856435701328941,
      -1.8884184957677492,
      -2.2339587275532873,
      -0.9591169959734868,
      34.600927859587046
    ],
    "noiono_10cm": [
      -0.018498765770194735,
      -1.8596916736604197,
      -4.3724312281893765,
      -3.0208799505326223,
      0.5231292708760975
    ],
    "noiono_20cm": [
      -0.02166874230175958,
      -1.6194589264068808,
      -1.7208126331621973,
      -0.5709083835993737,
      166.02320687551105
    ]
  },
  "J1603-7202": {
    "ionfr_10cm": [
      -0.10930066205288147,
      -1.6002709042997432,
      -5.757961303717959,
      -1.8221926262801746,
      -0.2946462487990402
    ],
    "ionfr_20cm": [
      0.6291538676832898,
      -1.0697000655085154,
      -1.601414861171814,
      -2.036158438955838,
      53.76804721828228
    ],
    "noiono_10cm": [
      -0.11292808883390817,
      -1.6077864695132433,
      -5.768696942697787,
      -1.7765858547801112,
      -0.478343960413838
    ],
    "noiono_20cm": [
      0.6337626411046982,
      -1.0590998188959562,
      -1.9616120698235613,
      -2.983125229128788,
      44.48205153407224
    ]
  },