{
  "J0437-4715": {
    "10cm": [
      0.6716307340807146,
      -1.785839996765507,
      -3.7893641167501055,
      -4.317325264572789
    ],
    "20cm": [
      -1.093044590236744,
      -1.6188624643807412,
      -2.1128231072001826,
      -1.203232945781425
    ]
  },
  "J0613-0200": {
    "10cm": [
      -0.19647680160394293,
      -1.0209412355057428,
      -5.00628030909952,
      -1.858411012147965
    ],
    "20cm": [
      -0.01898089845515117,
      -1.5865693465212514,
      -1.9669180799461952,
      -1.0804355667214955
    ]
  },
  "J0614-3329": {
    "10cm": [
      -0.1316440863539851,
      -2.9232855681381094,
      -5.226498169225113,
      -2.674891486654137
    ]
  },
  "J0711-6830": {
    "10cm": [
      -0.13467291052020122,
      -1.2331998677135045,
      -5.554533903309061,
      -1.9743420519627324
    ],
    "20cm": [
      -0.17806086529100054,
      -1.5064617304822168,
      -1.9886450240479299,
      -1.018899032370812
    ]
  },
  "J1017-7156": {
    "10cm": [
      -0.11267953630129116,
      -1.2638405308332077,
      -5.094302490427175,
      -1.5259817002934604
    ],
    "20cm": [
      -0.009897340618380539,
      -1.4931703499947595,
      -1.92804077845432,
      -1.4199622010082154
    ]
  },
  "J1022+1001": {
    "10cm": [
      0.0019214330910882192,
      -2.0667369230626726,
      -3.2834661117540316,
      -2.4462860825697805
    ],
    "20cm": [
      -0.10806477938425015,
      -1.5650611624780555,
      -1.8430830328656724,
      -0.9198831534750364
    ]
  },
  "J1024-0719": {
    "10cm": [
      -0.028181193691063467,
      -2.049419748892489,
      -5.775680665321165,
      -2.1623449227611014
    ],
    "20cm": [
      0.057682517646241056,
      -1.7815263502454743,
      -2.0393607571249035,
      -1.2475707534205647
    ]
  },
  "J1045-4509": {
    "10cm": [
      -0.038792234487477456,
      -4.839013723181573,
      -5.754804153747829,
      -1.9728579223599905
    ],
    "20cm": [
      0.5979028118464734,
      -5.163396850107854,
      -3.2733286401986956,
      -5.271486849347816
    ]
  },
  "J1125-6014": {
    "10cm": [
      -0.16531233253869207,
      -4.966456611348485,
      -5.744865133644827,
      -2.373346295227738
    ],
    "20cm": [
      0.04766569696504637,
      -1.77873894939064,
      -2.1611875089353267,
      -1.6784519163484906
    ]
  },
  "J1446-4701": {
    "20cm": [
      -0.021226002611785443,
      -5.033200844825853,
      -1.879399053705186,
      -0.8031404377721185
    ]
  },
  "J1545-4550": {
    "10cm": [
      -0.18361690496231925,
      -1.7828932794717933,
      -5.309472481540512,
      -1.4484111872513135
    ],
    "20cm": [
      0.02393600907381872,
      -1.9118948489514898,
      -2.147049140067767,
      -1.1767001640903545
    ]
  },
  "J1600-3053": {
    "10cm": [
      -0.031021982175939322,
      -1.8395100735050083,
      -5.831139860632197,
      -2.0062300870658314
    ],
    "20cm": [
      0.08876043923664598,
      -1.8881252713425547,
      -2.2353803867853586,
      -0.9542814893608265
    ]
  },
  "J1603-7202": {
    "10cm": [
      -0.1083652467037315,
      -1.5985092395852334,
      -5.656463470323814,
      -1.8109624000808517
    ],
    "20cm": [
      0.6285606800801566,
      -1.069539265130337,
      -1.5919305429636563,
      -2.0135406295752762
    ]
  },
  "J1643-1224": {
    "10cm": [
      -0.03831167764994162,
      -4.9370779879120095,
      -4.608912446766256,
      -1.3224364284846382
    ],
    "20cm": [
      1.0579813131526188,
      -3.9763975892428878,
      -5.120220366805669,
      -2.376358142765343
    ]
  },
  "J1713+0747": {
    "10cm": [
      -0.21362253638536144,
      -1.7381920294057034,
      -2.127991369192853,
      -0.8231817500426111
    ],
    "20cm": [
      1.1392932065595565,
      -0.733344196015109,
      -1.0985488889851853,
      -1.1481643545975881
    ]
  },
  "J1730-2304": {
    "10cm": [
      -0.11894183286910394,
      -1.752708793924756,
      -5.8481391059107475,
      -1.6636758766078383
    ],
    "20cm": [
      0.6863854685016328,
      -3.9950891082203475,
      -1.9758138245711643,
      -0.684291556215734
    ]
  },
  "J1732-5049": {
    "20cm": [
      -0.015432978837476146,
      -1.3492282509834372,
      -5.060594882739171,
      -2.6067529001096643
    ]
  },
  "J1744-1134": {
    "10cm": [
      -0.0823154595498723,
      -1.871056162152505,
      -5.897104307898136,
      -1.7232007254149835
    ],
    "20cm": [
      0.22933911660681616,
      -1.7697955714350684,
      -1.9393911028592725,
      -0.6630476990903641
    ]
  },
  "J1824-2452": {
    "10cm": [
      -0.05252801370224583,
      -3.8164149966564187,
      -5.0743945372746975,
      -1.8198828277454142
    ],
    "20cm": [
      0.8988127459808344,
      -1.323645812236724,
      -5.645166962224874,
      -1.8187742833866032
    ]
  },
  "J1832-0836": {
    "20cm": [
      -0.09579119702456268,
      -3.997952135579624,
      -1.6852083008482643,
      -0.543570195922733
    ]
  },
  "J1857+0943": {
    "10cm": [
      -0.12241497506150159,
      -1.56502764334698,
      -5.604425398545276,
      -1.7477462162135093
    ],
    "20cm": [
      -0.04223609975717661,
      -1.4935357074488378,
      -1.6382941203123815,
      -0.6304068941124445
    ]
  },
  "J1909-3744": {
    "10cm": [
      -0.028403960388221648,
      -1.7194811083927002,
      -2.043657007205302,
      -1.0448941920606885
    ],
    "20cm": [
      -0.0014369806584576899,
      -1.5534917448487946,
      -1.95466053543803,
      -0.6315030582932208
    ]
  },
  "J1939+2134": {
    "10cm": [
      -0.20056475064172014,
      -1.6796309380840047,
      -4.741287916537127,
      -1.9966410056838537
    ],
    "20cm": [
      -1.2725191301663914,
      -1.4986186868014997,
      -1.4406862918013288,
      -0.23658428387959748
    ]
  },
  "J2124-3358": {
    "20cm": [
      0.7828940576731485,
      -5.152483896395676,
      -1.3488365851614261,
      -3.304238799636006
    ]
  },
  "J2129-5721": {
    "20cm": [
      0.02746902285278426,
      -1.6032294697470406,
      -1.7696826929035145,
      -0.6694296656230507
    ]
  },
  "J2145-0750": {
    "10cm": [
      -0.1462346036960167,
      -1.5362073710496496,
      -4.9492928294280025,
      -4.955768923341539
    ],
    "20cm": [
      -0.07697727391010904,
      -1.583750990696096,
      -1.7615442017811103,
      -0.3259474593648044
    ]
  },
  "J2241-5236": {
    "10cm": [
      -0.05980027003766902,
      -3.4617547490097635,
      -4.767963052893908,
      -3.923911715913398
    ],
    "20cm": [
      -0.07559920202419006,
      -1.697038614442497,
      -1.9318179332019618,
      -1.0999244728024
    ]
  }
}