{
  "J0437-4715": {
    "ionfr_10cm": [
      0.6625982098161488,
      -2.2530861872155894,
      -2.5807352124771668,
      -1.0475086275965915,
      [
        437.4084867563797,
        325.8810629409163,
        13083.695833760148,
        29.606610686760177
      ]
    ],
    "noiono_10cm": [
      0.7404534848685351,
      -2.5159760089750884,
      -2.474266714518068,
      -1.1110217301586744,
      [
        387.1396125923784,
        350.5400007091339,
        18215.096199524105,
        70.27603350443405
      ]
    ]
  },
  "J0613-0200": {
    "ionfr_10cm": [
      -0.20283329688955923,
      -1.034064682235562,
      -5.441704221735694,
      -1.8609761139820287,
      [
        -2.498890462320446,
        1.0243737095818517,
        13.330199170571944,
        -0.005193504940052662
      ]
    ],
    "noiono_10cm": [
      -0.2014996743452943,
      -1.0328065621604345,
      -5.4098442841158665,
      -1.82070806140196,
      [
        -2.5996537615970396,
        0.3796939494858407,
        13.194551329349338,
        -0.016857683828561676
      ]
    ]
  },
  "J0614-3329": {
    "ionfr_10cm": [
      -0.16809334102125817,
      -4.731267660408411,
      -5.212818362564623,
      -2.5267808317416636,
      [
        -2.301028393149622,
        -1.0373369510604533,
        2.582420915767649,
        -0.15124131036507293
      ]
    ],
    "noiono_10cm": [
      -0.15595168586141223,
      -4.497767872276431,
      -5.294109710780208,
      -2.5428159952797666,
      [
        -2.191034922978112,
        -0.962230330675439,
        2.079875619730686,
        -0.13653254349421218
      ]
    ]
  },
  "J0711-6830": {
    "ionfr_10cm": [
      -0.10011316140108335,
      -1.2300036581868807,
      -5.68552512876251,
      -1.9307744413213728,
      [
        -3.00847862360348,
        -1.6042892706285272,
        19.338490035799992,
        -0.2751701341467765
      ]
    ],
    "noiono_10cm": [
      -0.10463628723202308,
      -1.229051862025336,
      -5.531537654121741,
      -1.9059863248904876,
      [
        -2.86212128805289,
        -1.1675366883499407,
        20.526451348244876,
        -0.06847407133861338
      ]
    ]
  },
  "J1017-7156": {
    "ionfr_10cm": [
      0.02833104698901343,
      -1.7975895983395742,
      -5.536142339329741,
      -2.006665676041322,
      [
        -3.0236021447032044,
        -2.6069139079403385,
        5.361383208281893,
        -0.09287761838345432
      ]
    ],
    "noiono_10cm": [
      0.037305830560355586,
      -3.33900800572308,
      -5.48104184987986,
      -2.093857639485882,
      [
        -2.9392578558658897,
        -2.5515340429086564,
        2.8705613292435714,
        -0.09624117032427648
      ]
    ]
  },
  "J1022+1001": {
    "ionfr_10cm": [
      -0.06227371004677684,
      -1.9514909408982013,
      -3.2465560008643553,
      -2.7034799792890993,
      [
        0.9469347851506882,
        -3.4132275250996145,
        30.063364157414753,
        2.603994497508097
      ]
    ],
    "noiono_10cm": [
      -0.07044071178966783,
      -1.9380737003016046,
      -2.652672896126801,
      -2.027463783284127,
      [
        -2.5291682125617854,
        -2.2501028416679674,
        51.65226843110702,
        13.527233948549565
      ]
    ]
  },
  "J1024-0719": {
    "ionfr_10cm": [
      -0.030996425604876664,
      -3.1716775526776586,
      -5.8155473826968676,
      -1.8129331139059839,
      [
        -2.8755760143553175,
        -0.6984892476006053,
        -0.5971042381414122,
        -0.14601996323892763
      ]
    ],
    "noiono_10cm": [
      -0.028941737355059054,
      -2.522664637653983,
      -5.057346369305498,
      -3.292275663892678,
      [
        -3.3247401221567543,
        2.2999214475314034,
        -0.7371452316186264,
        0.2431228191204582
      ]
    ]
  },
  "J1045-4509": {
    "ionfr_10cm": [
      -0.03491795853301762,
      -4.8440961504539395,
      -5.397163949398581,
      -2.323715617009329,
      [
        -3.4715133273868446,
        -2.1833765204821702,
        0.13618236434592745,
        -0.09325137193252431
      ]
    ],
    "noiono_10cm": [
      -0.0403427625782535,
      -4.96026982081518,
      -5.570376558306179,
      -2.030269389852508,
      [
        -3.6735298593998778,
        1.2957756246717622,
        0.5464604879254011,
        -0.08069041643074115
      ]
    ]
  },
  "J1125-6014": {},
  "J1446-4701": {},
  "J1545-4550": {},
  "J1600-3053": {},
  "J1603-7202": {},
  "J1643-1224": {},
  "J1713+0747": {
    "ionfr_10cm": [
      -0.09014302899678805,
      -1.817781580759022,
      -3.910722052586318,
      -4.659003938254764,
      [
        194.98660812691912,
        116.25818256259475,
        902.2294328645601,
        6.242566772897021
      ]
    ],
    "noiono_10cm": [
      -0.09504500367621334,
      -1.8375136406133425,
      -2.0647208830651826,
      -0.923392994825197,
      [
        141.8285137697285,
        284.5734457052299,
        1485.0132860326262,
        22.920692489491785
      ]
    ]
  },
  "J1730-2304": {},
  "J1732-5049": {},
  "J1744-1134": {},
  "J1824-2452": {},
  "J1832-0836": {},
  "J1857+0943": {},
  "J1909-3744": {},
  "J1939+2134": {},
  "J2124-3358": {},
  "J2129-5721": {},
  "J2145-0750": {},
  "J2241-5236": {}
}