{
  "J0437-4715": {
    "10cm": [
      0.68480244739069,
      -1.7700563847217792
    ],
    "20cm": [
      -0.9773444940677914,
      -1.551111425016607
    ]
  },
  "J0613-0200": {
    "10cm": [
      -0.19556241992756737,
      -1.0168565991578227
    ],
    "20cm": [
      0.0037276260120434924,
      -1.493395208150548
    ]
  },
  "J0614-3329": {
    "10cm": [
      -0.1329829913682392,
      -2.4685602688016752
    ]
  },
  "J0711-6830": {
    "10cm": [
      -0.13340171685365093,
      -1.236235374603262
    ],
    "20cm": [
      -0.19504464090488938,
      -1.4211782396765607
    ]
  },
  "J1017-7156": {
    "10cm": [
      -0.11598779876207835,
      -1.259787934456994
    ],
    "20cm": [
      -0.04639305137222992,
      -1.3651358311836246
    ]
  },
  "J1022+1001": {
    "10cm": [
      -0.0019178429502070549,
      -2.0032798750082423
    ],
    "20cm": [
      -0.1499432654094252,
      -1.4178590417249328
    ]
  },
  "J1024-0719": {
    "10cm": [
      -0.023271290435046416,
      -2.1783232370627417
    ],
    "20cm": [
      0.09561224175667808,
      -1.660220131189255
    ]
  },
  "J1045-4509": {
    "10cm": [
      -0.03851509293241225,
      -4.892132431405625
    ],
    "20cm": [
      0.6119244562489212,
      -5.243541819206701
    ]
  },
  "J1125-6014": {
    "10cm": [
      -0.1640789365273688,
      -4.941851004086501
    ],
    "20cm": [
      0.012467440392889825,
      -1.5742666491659087
    ]
  },
  "J1446-4701": {
    "20cm": [
      0.029916718051587233,
      -4.154480043644348
    ]
  },
  "J1545-4550": {
    "10cm": [
      -0.17733205683347675,
      -1.781750488122452
    ],
    "20cm": [
      -0.01103415425550506,
      -1.71235577850084
    ]
  },
  "J1600-3053": {
    "10cm": [
      -0.0329476205423044,
      -1.8357961924729462
    ],
    "20cm": [
      0.10415183826457144,
      -1.809043047308617
    ]
  },
  "J1603-7202": {
    "10cm": [
      -0.10989706863131019,
      -1.5980693584667294
    ],
    "20cm": [
      0.6949757335092924,
      -1.027031403386234
    ]
  },
  "J1643-1224": {
    "10cm": [
      -0.03450646631144935,
      -5.059689064379722
    ],
    "20cm": [
      1.0578087013754924,
      -4.151803486974419
    ]
  },
  "J1713+0747": {
    "10cm": [
      -0.11168445103569236,
      -1.6857921604369568
    ],
    "20cm": [
      1.1145494534536462,
      -0.6707483851058832
    ]
  },
  "J1730-2304": {
    "10cm": [
      -0.11913242037306226,
      -1.752821467447962
    ],
    "20cm": [
      0.6808771177486898,
      -1.726525165532168
    ]
  },
  "J1732-5049": {
    "20cm": [
      -0.019115485971118527,
      -1.3325992701826297
    ]
  },
  "J1744-1134": {
    "10cm": [
      -0.07833972826806954,
      -1.872263538215655
    ],
    "20cm": [
      0.1250968181352829,
      -1.5875008084892268
    ]
  },
  "J1824-2452": {
    "10cm": [
      -0.045563315955054876,
      -3.647183535720429
    ],
    "20cm": [
      0.8989352867581323,
      -1.3221011488826915
    ]
  },
  "J1832-0836": {
    "20cm": [
      -0.1728803959143913,
      -1.3874242156104208
    ]
  },
  "J1857+0943": {
    "10cm": [
      -0.12097805077050866,
      -1.5711283741562712
    ],
    "20cm": [
      -0.07682226135217252,
      -1.3077898842069586
    ]
  },
  "J1909-3744": {
    "10cm": [
      -0.017303078610798633,
      -1.6560828527162539
    ],
    "20cm": [
      -0.006236872980648015,
      -1.4824806414650997
    ]
  },
  "J1939+2134": {
    "10cm": [
      -0.203884794786788,
      -1.6650907491657172
    ],
    "20cm": [
      -1.1567195581481158,
      -1.2308629193627034
    ]
  },
  "J2124-3358": {
    "20cm": [
      0.8550641317434597,
      -5.060524349694809
    ]
  },
  "J2129-5721": {
    "20cm": [
      -0.021383362723546427,
      -1.4314115942134262
    ]
  },
  "J2145-0750": {
    "10cm": [
      -0.13539557686807424,
      -1.544214450946913
    ],
    "20cm": [
      -0.09741163741799538,
      -1.4451022432377088
    ]
  },
  "J2241-5236": {
    "10cm": [
      -0.05749400949752935,
      -3.4475912086364717
    ],
    "20cm": [
      -0.08579399940941548,
      -1.5315381039728932
    ]
  }
}