{
  "J0437-4715": {
    "10cm": [
      0.6752171400343647,
      -1.790012828236108,
      1.437116065982142,
      -1.6916192995124906
    ]
  },
  "J0613-0200": {
    "10cm": [
      -0.19429172987886492,
      -1.0224883732047008,
      -4.199492839005224,
      -1.0479098733419532
    ]
  },
  "J0614-3329": {
    "10cm": [
      -0.13563889310136729,
      -2.861374222162757,
      -4.267247233338722,
      -1.2691864324349
    ]
  },
  "J0711-6830": {
    "10cm": [
      -0.1336093411910567,
      -1.2362517575196024,
      -4.44487845247555,
      -1.1975647803481824
    ]
  },
  "J1017-7156": {
    "10cm": [
      -0.1152133529040273,
      -1.2647209546224751,
      -4.368520843989252,
      -0.9952331858020409
    ]
  },
  "J1022+1001": {
    "10cm": [
      0.0017207883643265672,
      -2.0942100477068433,
      0.04141989313617184,
      -1.0882728471364556
    ]
  },
  "J1024-0719": {
    "10cm": [
      -0.021771269932043383,
      -2.1926927240723226,
      -4.508128757815263,
      -1.3465800332866982
    ]
  },
  "J1045-4509": {
    "10cm": [
      -0.038818059505148106,
      -4.965607100182897,
      -4.3737989783606395,
      -1.3501889090557877
    ]
  },
  "J1125-6014": {
    "10cm": [
      -0.1643119768807666,
      -4.935769721402458,
      -4.430289453986111,
      -1.415465621218547
    ]
  },
  "J1446-4701": {},
  "J1545-4550": {
    "10cm": [
      -0.18434004236494805,
      -1.7869049451804626,
      -4.428775294900474,
      -0.8353518965819564
    ]
  },
  "J1600-3053": {
    "10cm": [
      -0.030564214250529784,
      -1.837575704493691,
      -4.415080273486862,
      -1.38545772319856
    ]
  },
  "J1603-7202": {
    "10cm": [
      -0.109859841401651,
      -1.5992782090520796,
      -4.506580062580639,
      -1.0975520217512165
    ]
  },
  "J1643-1224": {
    "10cm": [
      -0.03906018784493036,
      -5.033880833945033,
      -2.592918312423678,
      -0.9899642435261499
    ]
  },
  "J1713+0747": {
    "10cm": [
      -0.21530956685471014,
      -1.738430080806189,
      -0.09099985073261938,
      -0.8242898638156002
    ]
  },
  "J1730-2304": {
    "10cm": [
      -0.1200094052005812,
      -1.7528806973210171,
      -4.510565836637083,
      -1.370870249888382
    ]
  },
  "J1732-5049": {},
  "J1744-1134": {
    "10cm": [
      -0.0799505244398251,
      -1.871578113416302,
      -4.461000414804586,
      -1.403035180885085
    ]
  },
  "J1824-2452": {
    "10cm": [
      -0.052922341419649986,
      -3.636487718202119,
      -3.4117481379717978,
      -1.2428245472704869
    ]
  },
  "J1832-0836": {},
  "J1857+0943": {
    "10cm": [
      -0.12245878069500574,
      -1.566137627729514,
      -4.358607519348274,
      -1.225999490982882
    ]
  },
  "J1909-3744": {
    "10cm": [
      -0.02880952460657675,
      -1.7193847556912774,
      0.5009315310743852,
      -1.0289691331879829
    ]
  },
  "J1939+2134": {
    "10cm": [
      -0.20474795138826296,
      -1.6712661649242582,
      -3.8708474810638025,
      -1.1080771577898498
    ]
  },
  "J2124-3358": {},
  "J2129-5721": {},
  "J2145-0750": {
    "10cm": [
      -0.13672637490794018,
      -1.543707862685306,
      -4.283845269225388,
      -1.35087952515698
    ]
  },
  "J2241-5236": {
    "10cm": [
      -0.05714427787988484,
      -3.4079219990712195,
      -4.24274104801236,
      -1.276025881910281
    ]
  }
}