{
  "J0437-4715": {
    "ionfr_10cm": [
      0.6730411222979518,
      -1.7867008154968596,
      -3.7769548259692067,
      -4.29799327020452,
      28.99565900045991
    ],
    "ionfr_20cm": [
      -1.1126402457766325,
      -1.618693569869374,
      -2.112504665330752,
      -1.2219768390903885,
      210.63047014298945
    ],
    "noiono_10cm": [
      0.7276356006543638,
      -1.7995048156907552,
      -2.7652909022027097,
      -1.9450799271097357,
      24.44289408011855
    ],
    "noiono_20cm": [
      1.3914459219826383,
      -5.231008529964939,
      -1.682142013798874,
      -0.6322631108342158,
      632.5754784187025
    ]
  },
  "J0613-0200": {
    "ionfr_10cm": [
      -0.19801764151654214,
      -1.0177185221656362,
      -5.036888113978724,
      -1.9713439235098824,
      0.806478960370697
    ],
    "ionfr_20cm": [
      -0.019812274430354493,
      -1.58610611828166,
      -1.9656022554424457,
      -1.072814093420217,
      64.61694223978748
    ],
    "noiono_10cm": [
      -0.2006905686940424,
      -1.0140340245584878,
      -5.238288673644952,
      -1.8823342947980115,
      0.5515574120947804
    ],
    "noiono_20cm": [
      -0.018905892702325962,
      -1.4729859796272415,
      -1.6951419595973372,
      -1.028464916783343,
      159.77702135980826
    ]
  },
  "J0614-3329": {
    "ionfr_10cm": [
      -0.13220522098108384,
      -2.7907577886082766,
      -5.220285791998924,
      -2.7104645984572433,
      -0.15650865890890486
    ],
    "noiono_10cm": [
      -0.13316502327354438,
      -2.5275913615721337,
      -5.195468231751398,
      -2.6385520212822478,
      -0.1580993357327003
    ]
  },
  "J0711-6830": {
    "ionfr_10cm": [
      -0.13388567156790626,
      -1.2340405460822816,
      -5.540967648170991,
      -2.1266233476971843,
      -1.9371071439217928
    ],
    "ionfr_20cm": [
      -0.17767749965818902,
      -1.506511958773746,
      -1.9904476707513736,
      -1.0212531080654266,
      51.94367812360724
    ],
    "noiono_10cm": [
      -0.13823949177727446,
      -1.232749521711572,
      -5.4732867943230215,
      -2.2559448470079575,
      -0.9555450431759596
    ],
    "noiono_20cm": [
      -0.16888366174955488,
      -1.5209130630537075,
      -1.8999455072032287,
      -1.1568151700232843,
      83.15763481283057
    ]
  },
  "J1017-7156": {
    "ionfr_10cm": [
      -0.11463136244290556,
      -1.2636660088819445,
      -5.179769490652937,
      -1.7145148647029227,
      -0.3117704699886872
    ],
    "ionfr_20cm": [
      -0.01006334877032821,
      -1.493090832404834,
      -1.9284909382422664,
      -1.413077090879121,
      167.72961758833162
    ],
    "noiono_10cm": [
      -0.11782127932086664,
      -1.2698962765875597,
      -4.83440237797018,
      -1.9609998420739203,
      -0.3863431490229914
    ],
    "noiono_20cm": [
      -0.03201206889920247,
      -1.509724026197937,
      -1.9414972004525362,
      -1.0428781617291105,
      130.4778772856116
    ]
  },
  "J1022+1001": {
    "ionfr_10cm": [
      0.0032471847506651006,
      -2.071650189327424,
      -3.1226678019924137,
      -2.3137637595457137,
      3.008094414393554
    ],
    "ionfr_20cm": [
      -0.10874173550914723,
      -1.5651784654986636,
      -1.8423538410168108,
      -0.9111832537328697,
      189.9449709479477
    ],
    "noiono_10cm": [
      0.0046027766109991075,
      -2.068126319090026,
      -2.434216084737214,
      -1.4273184113147848,
      15.240091020704767
    ],
    "noiono_20cm": [
      -0.0962624870481996,
      -1.483168743304978,
      -1.708927256880422,
      -1.0460388620943686,
      279.5583062872613
    ]
  },
  "J1024-0719": {
    "ionfr_10cm": [
      -0.02613992379189875,
      -2.0900393282884444,
      -5.7488390813723536,
      -1.9676508528823828,
      -0.19460714693514092
    ],
    "ionfr_20cm": [
      0.05887419797167082,
      -1.7824104473777915,
      -2.0400580973384694,
      -1.252092114643438,
      50.62903987137929
    ],
    "noiono_10cm": [
      -0.025162579804093498,
      -2.000206466788791,
      -5.342248815871299,
      -2.639208892677516,
      -0.05308368429774646
    ],
    "noiono_20cm": [
      0.019007569262691676,
      -1.596438225892673,
      -1.8060387840815548,
      -1.1902847497864903,
      121.18973566816874
    ]
  },
  "J1045-4509": {
    "ionfr_10cm": [
      -0.038612888559811834,
      -4.92199709841392,
      -5.734078992312485,
      -1.9421999955222045,
      -0.18545161618033035
    ],
    "ionfr_20cm": [
      0.5980454143654702,
      -5.126241864712318,
      -3.3007742504435744,
      -5.332239406005344,
      3.717908376194373
    ],
    "noiono_10cm": [
      -0.042631683381576864,
      -4.96894373714944,
      -5.6345243303183326,
      -1.96153589169871,
      -0.13582499801339054
    ],
    "noiono_20cm": [
      0.6245208760343735,
      -5.052406025777956,
      -2.8100062708684996,
      -4.297545661588287,
      9.70075039349797
    ]
  },
  "J1125-6014": {
    "ionfr_10cm": [
      -0.16412455520538105,
      -4.963804690445676,
      -5.691611018300433,
      -2.1684294466987915,
      -0.17137843122702634
    ],
    "ionfr_20cm": [
      0.04768605345041005,
      -1.7780340914257016,
      -2.177746796717683,
      -1.7213690310031233,
      31.840070994668054
    ],
    "noiono_10cm": [
      -0.16398117436651563,
      -4.965423399718329,
      -5.721296377949466,
      -2.182345469243163,
      -0.19078180787033716
    ],
    "noiono_20cm": [
      0.007749230078415921,
      -1.8480731115795348,
      -2.0732388413817393,
      -1.4337625603748556,
      70.27017609817756
    ]
  },
  "J1446-4701": {
    "ionfr_20cm": [
      -0.021152464844494963,
      -5.017603747613585,
      -1.8788784711915145,
      -0.7988278003682892,
      16.28489172304512
    ],
    "noiono_20cm": [
      -0.01909189141665491,
      -5.061846348444389,
      -1.6979383578904044,
      -0.6587286237618548,
      40.185465735295054
    ]
  },
  "J1545-4550": {
    "ionfr_10cm": [
      -0.17989803493248896,
      -1.7860941183536383,
      -5.136098084564978,
      -1.1597637014307838,
      -0.28508221493439123
    ],
    "ionfr_20cm": [
      0.026872973136373067,
      -1.9173733783100693,
      -2.144651133967432,
      -1.1783177149484958,
      48.82555457083549
    ],
    "noiono_10cm": [
      -0.21713602064181828,
      -1.8055664372004832,
      -2.4478108997907775,
      0.1871963254085734,
      2.139280208917455
    ],
    "noiono_20cm": [
      0.0762821988962738,
      -1.8104030381338088,
      -1.736862351003695,
      -1.2126813451717045,
      140.51608818587454
    ]
  },
  "J1600-3053": {
    "ionfr_10cm": [
      -0.031121606643064046,
      -1.8375683167175079,
      -5.763473439377652,
      -1.9257724538491003,
      -0.26057372366005893
    ],
    "ionfr_20cm": [
      0.08835814348744014,
      -1.888859590826737,
      -2.2339615048414396,
      -0.9576263442313864,
      34.70926936816545
    ],
    "noiono_10cm": [
      -0.01749259669356494,
      -1.8616762449692499,
      -4.404262108795642,
      -3.045858469324628,
      0.6279849301229206
    ],
    "noiono_20cm": [
      -0.02039931203955935,
      -1.6194445527856542,
      -1.722611209504029,
      -0.5676965472638835,
      165.92699395049453
    ]
  },
  "J1603-7202": {
    "ionfr_10cm": [
      -0.11000213309701859,
      -1.5988662483644815,
      -5.675130179963886,
      -1.6719625893962675,
      -0.3760767555419875
    ],
    "ionfr_20cm": [
      0.6291780201231228,
      -1.0698657676917493,
      -1.6008513010594818,
      -2.040329684280028,
      53.7968162686758
    ],
    "noiono_10cm": [
      -0.11308125129755447,
      -1.607075637792823,
      -5.682661062929876,
      -1.7377477066909868,
      -0.3949040232006382
    ],
    "noiono_20cm": [
      0.6333968089684681,
      -1.0582571554537652,
      -1.9586634211772003,
      -2.971214386290982,
      44.53234075452076
    ]
  },