{
  "J0437-4715": {
    "ionfr_10cm": [
      0.6869744845838197,
      -2.411988375765152,
      -2.6763177863278798,
      -1.2740701272353723,
      [
        399.4172459963811,
        326.68084633798935,
        12649.766682679216,
        30.18636512177818
      ]
    ],
    "noiono_10cm": [
      0.7413398817755013,
      -2.523293289746992,
      -2.4716858319955026,
      -1.1198202002447186,
      [
        387.13974020958995,
        350.53869810911056,
        18215.135613605664,
        70.2591792505441
      ]
    ]
  },
  "J0613-0200": {
    "ionfr_10cm": [
      -0.1858912625446048,
      -1.042054818077567,
      -5.291202597699642,
      -1.7430282276627627,
      [
        -2.5121374778208008,
        1.0870833941851856,
        12.452953547374705,
        -0.1128206324657981
      ]
    ],
    "noiono_10cm": [
      -0.19186055729229903,
      -1.0385283427819372,
      -5.398137999993434,
      -1.708453633397709,
      [
        -2.6192664235943823,
        0.41186822812716173,
        12.32895575657426,
        -0.22623510573060912
      ]
    ]
  },
  "J0614-3329": {
    "ionfr_10cm": [
      -0.1761773118359694,
      -4.573394726367021,
      -5.019031057077653,
      -2.4888638121176445,
      [
        -2.37295486925143,
        -0.8404652712492222,
        2.4439878854787978,
        -0.12139532565308997
      ]
    ],
    "noiono_10cm": [
      -0.16728733139424398,
      -4.17761695159827,
      -5.1024495043446505,
      -2.3482727164732777,
      [
        -2.3559843736195845,
        -0.8843519534822235,
        2.036131485242457,
        -0.10560987523610521
      ]
    ]
  },
  "J0711-6830": {
    "ionfr_10cm": [
      -0.09365685683260588,
      -1.243129928645793,
      -5.52874185226572,
      -1.9214076434310972,
      [
        -3.0075142628450067,
        -1.61070347607685,
        18.369087285736157,
        -0.4358692086929068
      ]
    ],
    "noiono_10cm": [
      -0.10043621838275442,
      -1.2360000454965328,
      -5.578078741602386,
      -2.0226900502879666,
      [
        -2.835903122254223,
        -1.095832442814526,
        19.751603693931997,
        -0.21707444532896147
      ]
    ]
  },
  "J1017-7156": {
    "ionfr_10cm": [
      0.032864198698268746,
      -1.8962750760041727,
      -5.5190206351182125,
      -1.894421384999354,
      [
        -3.2466735831324627,
        -2.5927989448912285,
        5.156170439064283,
        -0.06422621300453102
      ]
    ],
    "noiono_10cm": [
      0.037069655929945454,
      -3.179919190110417,
      -5.607866172566126,
      -1.8786761134213887,
      [
        -2.7284440988266283,
        -2.5909625423802254,
        3.031428536265537,
        -0.14719545393705857
      ]
    ]
  },
  "J1022+1001": {
    "ionfr_10cm": [
      -0.050650760605700784,
      -1.9796858955774113,
      -3.3788860071230573,
      -1.6674775779340258,
      [
        -3.0751959185295163,
        -3.160437398701788,
        22.756958014345628,
        0.8017711676462795
      ]
    ],
    "noiono_10cm": [
      -0.06339615373229956,
      -1.9717829883669826,
      -2.5390384317153725,
      -1.5589901190686537,
      [
        -4.654060968622275,
        1.750813331234781,
        39.48023290893161,
        9.343901144120082
      ]
    ]
  },
  "J1024-0719": {
    "ionfr_10cm": [
      -0.0701178932243634,
      -4.782557677357064,
      -5.600298313513466,
      -2.2696116010422918,
      [
        -3.1784681908134758,
        -1.772790342966232,
        2.9372163191228537,
        -0.07157167438305123
      ]
    ],
    "noiono_10cm": [
      -0.06917886842440697,
      -4.433619833251322,
      -4.030123937438216,
      -4.098703160829441,
      [
        -3.4020519739165707,
        0.4428028936742976,
        1.1873508222680584,
        2.06017425861603
      ]
    ]
  },
  "J1045-4509": {
    "ionfr_10cm": [
      -0.034556661540826296,
      -4.978846646050827,
      -5.349619057369377,
      -2.2090978499728964,
      [
        -3.5078794067088097,
        -2.087720314269859,
        0.06677916349531188,
        -0.0639670768471774
      ]
    ],
    "noiono_10cm": [
      -0.03982624451983524,
      -4.923895711213551,
      -5.421026427775018,
      -1.8852225927042254,
      [
        -3.6778753538231967,
        1.305559004487975,
        0.5202193399816792,
        -0.06276122639513915
      ]
    ]
  },
  "J1125-6014": {
    "ionfr_10cm": [
      -0.16529450933778445,
      -4.501354169189643,
      -5.587291041276275,
      -2.0312349265186636,
      [
        -3.5600929353896618,
        -0.6822852147574849,
        14.742959174609666,
        -0.1679040738726485
      ]
    ],
    "noiono_10cm": [
      -0.1697436733740075,
      -4.745760420003566,
      -5.6377477157291995,
      -2.3116513147184143,
      [
        -3.3016792201725593,
        -2.3172736866217747,
        15.698522013046727,
        -0.1916518046392639
      ]
    ]
  },
  "J1446-4701": {},
  "J1545-4550": {
    "ionfr_10cm": [
      -0.1979722200320044,
      -1.9671069625709754,
      -2.2354983329137585,
      -0.046758439812793984,
      [
        -2.577103267486791,
        -2.8416554071892506,
        24.575466031832775,
        6.469347971835759
      ]
    ],
    "noiono_10cm": [
      -0.04314235923019455,
      -4.4970175031022155,
      -2.201563606536378,
      0.02749678518682047,
      [
        0.18142369215371446,
        3.329910350582111,
        22.14645913104573,
        11.87551451415743
      ]
    ]
  },
  "J1600-3053": {
    "ionfr_10cm": [
      -0.081543415971666,
      -1.8616674311010872,
      -5.879979646932201,
      -1.847379565688359,
      [
        -3.992125776822718,
        -3.395626759686934,
        17.86699020808851,
        -0.291393952479325
      ]
    ],
    "noiono_10cm": [
      -0.07667367602014677,
      -1.8593360399285326,
      -4.568993419362241,
      -2.937073964344576,
      [
        -4.555487306489681,
        2.737659010871994,
        24.583472802906726,
        0.5148656753199248
      ]
    ]
  },
  "J1603-7202": {
    "ionfr_10cm": [
      -0.06924577054169645,
      -1.8238165628916299,
      -5.354111109364573,
      -1.2090452461219645,
      [
        -1.5020473320869314,
        -2.334951227739282,
        4.538424030022782,
        -0.11120172527199657
      ]
    ],
    "noiono_10cm": [
      -0.07160030611718146,
      -1.8656449692984043,
      -5.156986485734863,
      -0.8852460268737758,
      [
        -3.523833082283261,
        -2.1166560938055454,
        4.278697491130856,
        -0.07588359140044076
      ]
    ]
  },
  "J1643-1224": {
    "ionfr_10cm": [
      -0.03649683445781364,
      -4.87459639030144,
      -4.506201231590971,
      -1.3328253898313227,
      [
        -3.7310255208121816,
        -2.477273161332846,
        -0.15544374206399425,
        0.2676172873927385
      ]
    ],
    "noiono_10cm": [
      -0.04214652392243173,
      -4.96823089466199,
      -2.064701843161539,
      -0.315503483105962,
      [
        -3.76213852050671,
        -2.348316670029419,
        -1.193011432916137,
        2.7862814294404643
      ]
    ]
  },
  "J1713+0747": {
    "ionfr_10cm": [
      -0.09553622718748213,
      -1.8154036126730493,
      -3.8832155820456045,
      -4.591609760027199,
      [
        200.56829239439315,
        115.55036213299684,
        924.7464213086652,
        6.633140527566411
      ]
    ],
    "noiono_10cm": [
      -0.09475479495631245,
      -1.8376091541641812,
      -2.0672721419150517,
      -0.9296112264890547,
      [
        141.8285245592756,
        284.5729881384616,
        1485.0282644815752,
        22.944325126098192
      ]
    ]
  },
  "J1730-2304": {
    "ionfr_10cm": [
      -0.17110275023744387,
      -1.9126812097334103,
      -5.847860954471262,
      -1.7181319778050517,
      [
        -5.129813653858321,
        -0.8698307755026917,
        126.57624406335225,
        -0.11095363705328509
      ]
    ],