{
  "J0437-4715": {
    "10cm": [
      0.1364521344352047,
      -1.6314760710442582
    ],
    "20cm": [
      -0.5429881872666089,
      -1.5507255926271646
    ]
  },
  "J0613-0200": {
    "10cm": [
      0.690722491962361,
      -1.015178486855158
    ],
    "20cm": [
      0.8334766770431066,
      -1.5847019052880307
    ]
  },
  "J0614-3329": {
    "10cm": [
      0.7803925396695737,
      -4.142257693675892
    ]
  },
  "J0711-6830": {
    "10cm": [
      0.7419745224501665,
      -1.2312177934780264
    ],
    "20cm": [
      0.646298193945734,
      -1.4559592552168832
    ]
  },
  "J1017-7156": {
    "10cm": [
      0.7792879839376536,
      -1.2621161629645545
    ],
    "20cm": [
      0.6760954255095895,
      -1.490282847759015
    ]
  },
  "J1022+1001": {
    "10cm": [
      0.9328574052043248,
      -2.6556096068139228
    ],
    "20cm": [
      0.5767748988882405,
      -1.4340479541063291
    ]
  },
  "J1024-0719": {
    "10cm": [
      0.8685776494693851,
      -3.3909910106837344
    ],
    "20cm": [
      0.8758091903356577,
      -4.665942334114417
    ]
  },
  "J1045-4509": {
    "10cm": [
      0.8508174161953811,
      -4.959448260615523
    ],
    "20cm": [
      1.3461534398026618,
      -5.06643090789747
    ]
  },
  "J1125-6014": {
    "10cm": [
      0.7014886735725083,
      -5.059830528761546
    ],
    "20cm": [
      0.7029342129248939,
      -1.599121707899876
    ]
  },
  "J1446-4701": {
    "20cm": [
      0.8115899141474903,
      -4.697212088787921
    ]
  },
  "J1545-4550": {
    "10cm": [
      0.7160870985289056,
      -1.8122199625878905
    ],
    "20cm": [
      0.6585771724698561,
      -1.9422089334133243
    ]
  },
  "J1600-3053": {
    "10cm": [
      0.8521044157162193,
      -1.8495354378995548
    ],
    "20cm": [
      0.49766939094110885,
      -1.6057874889470627
    ]
  },
  "J1603-7202": {
    "10cm": [
      0.7853229664539628,
      -1.6088246194710665
    ],
    "20cm": [
      1.4161424269870668,
      -4.823227858224346
    ]
  },
  "J1643-1224": {
    "10cm": [
      0.8531257848424691,
      -4.916048658904036
    ],
    "20cm": [
      1.7021019795929657,
      -4.9237919838867
    ]
  },
  "J1713+0747": {
    "10cm": [
      0.7283730043210175,
      -1.6794102131055375
    ],
    "20cm": [
      1.2019365693763253,
      -0.5908758099823688
    ]
  },
  "J1730-2304": {
    "10cm": [
      0.767919936628666,
      -1.760152236900584
    ],
    "20cm": [
      1.3301785149723102,
      -4.827325709853172
    ]
  },
  "J1732-5049": {
    "20cm": [
      0.9370344875712274,
      -3.4021786459571857
    ]
  },
  "J1744-1134": {
    "10cm": [
      0.7655432708590157,
      -1.8843987117643155
    ],
    "20cm": [
      0.5806776074905142,
      -1.614462848623334
    ]
  },
  "J1824-2452": {
    "10cm": [
      0.8304835035415911,
      -3.8516911373095675
    ],
    "20cm": [
      1.2712203842654108,
      -1.0972146550349118
    ]
  },
  "J1832-0836": {
    "20cm": [
      0.813915911816282,
      -3.0948955983069824
    ]
  },
  "J1857+0943": {
    "10cm": [
      0.7620937549661297,
      -1.596941341946576
    ],
    "20cm": [
      0.7506976619198263,
      -1.3214675503129332
    ]
  },
  "J1909-3744": {
    "10cm": [
      0.8697809253747948,
      -1.677803006525625
    ],
    "20cm": [
      0.61825892002918,
      -1.5114986844735265
    ]
  },
  "J1939+2134": {
    "10cm": [
      0.6838206133598805,
      -1.6241396779450836
    ],
    "20cm": [
      0.21525714116442207,
      -1.2386048611276657
    ]
  },
  "J2124-3358": {
    "20cm": [
      1.6620864409040554,
      -4.787898563951606
    ]
  },
  "J2129-5721": {
    "20cm": [
      0.6809691107788425,
      -1.4861505653776428
    ]
  },
  "J2145-0750": {
    "10cm": [
      0.7578667246953401,
      -1.5386177838490318
    ],
    "20cm": [
      0.7615312745954183,
      -1.5039253460830833
    ]
  },
  "J2241-5236": {
    "10cm": [
      0.8318566924302246,
      -3.575385648297078
    ],
    "20cm": [
      0.7399448998363436,
      -1.7253325743062766
    ]
  }
}